Cluster_ID,Niche_Width,Mean_Overlap,Log_Value,Count,Ratio,Auto_Tag
1,6.526478225748928,0.12375217098622306,9.861134397634704,32954,0.33633394570320474,宽 | 高重叠 | 高价
2,3.6211538851155334,0.011550253259083596,9.35177795926959,20286,0.20704225352112676,窄 | 低重叠 | 高价
3,7.023407628121945,0.17254692212109776,6.6541243581146015,21505,0.21948356807511737,宽 | 高重叠 | 低价
4,4.927793105482178,0.029743133467518765,6.382697796226157,23235,0.23714023270055112,窄 | 低重叠 | 低价
