Cluster_ID,Niche_Width,Mean_Overlap,Log_Value,Count,Ratio,Auto_Tag
1,3.6201049414179405,0.011405716145087034,9.394666702996679,19482,0.20657625465226012,窄 | 低重叠 | 高价
2,7.052472229239013,0.17222804518891482,6.66739010185686,20803,0.22058340137208537,宽 | 高重叠 | 低价
3,4.964860005585943,0.0282443351449779,6.449937632729784,21652,0.2295857235258565,窄 | 低重叠 | 低价
4,6.536099228792944,0.12434141524357614,9.881320945075995,32372,0.343254620449798,宽 | 高重叠 | 高价
